organization,country
A.F.W. Schimper-Stiftung für Ökologische Forschungen,
AXA Research Fund,FR
Aalborg Universitet,
"Aard- en Levenswetenschappen, Nederlandse Organisatie voor Wetenschappelijk Onderzoek",NL
Aarhus Universitet,
Abdus Salam International Centre for Theoretical Physics,
Academia Sinica,TW
Academy of Finland,FI
Academy of Korean Studies,KR
Academy of Medical Sciences,
Aerostatic Science Foundation,
African Union Commission,
Aga Khan Foundation,
Agence Nationale de la Recherche,FR
Agencia Estatal de Investigación,ES
Agencia Nacional de Investigación y Desarrollo,CL
Agency for Natural Resources and Energy,
"Agency for Science, Technology and Research",SG
Agentúra na Podporu Výskumu a Vývoja,
Agenția Națională pentru Cercetare și Dezvoltare,
Agharkar Research Institute,
Agri-Food and Veterinary Authority,
"Agricultural Biotechnology Research Center, Academia Sinica",TW
Agricultural Research Service,
Agricultural Science and Technology Innovation Program,
Agriculture Research System of China,CN
Agência Nacional de Energia Elétrica,
Akademie Věd České Republiky,CZ
Akademie der Naturwissenschaften,
"Akademie der Wissenschaften und der Literatur, Mainz",
Alabama Commission on Higher Education,US
Alan Turing Institute,
Albert-Ludwigs-Universität Freiburg,
Alberta Innovates - Health Solutions,
Alere,
Alexander von Humboldt-Stiftung,DE
Alexion Pharmaceuticals,
Alfred P. Sloan Foundation,US
Alfred Wegener Institute Helmholtz Centre for Polar and Marine Research,DE
Alfried Krupp von Bohlen und Halbach-Stiftung,
Alimera Sciences,
Allergan,
Alpro Foundation,
American Association for Anatomy,US
American Cancer Society,US
American Chemical Society Petroleum Research Fund,US
American Indonesian Exchange Foundation,ID
American Medical Association Foundation,US
American Museum of Natural History,US
American Philosophical Society,US
American Political Science Association,US
Amgen,US
Amrita Vishwa Vidyapeetham University,
Amylin Pharmaceuticals,
Andrew W. Mellon Foundation,US
Anhui University,
Animal Health Trust,GB
Anna University,
Apellis Pharmaceuticals,
Argonne National Laboratory,
Ariel University,
Arizona State University,
Arthritis National Research Foundation,
Arts and Humanities Research Council,GB
Asia University,
Asia-Pacific Network for Global Change Research,
Association of American Geographers,US
Associazione Italiana per la Ricerca sul Cancro,IT
AstraZeneca,
Auburn University,
Australian Agency for International Development,AU
Australian Antarctic Division,AU
Australian Biological Resources Study,AU
Australian Centre for International Agricultural Research,AU
Australian Government,AU
Australian Institute of Marine Science,AU
Australian Institute of Nuclear Science and Engineering,AU
Australian National University,AU
Australian Nuclear Science and Technology Organisation,AU
Australian Research Council,AU
Australian and New Zealand College of Anaesthetists,AU
Austrian Science Fund,AT
Aventis Foundation,DE
B. Braun Melsungen,
BASF,DE
Badan Riset dan Inovasi Nasional,
Banaras Hindu University,IN
Banco de España,ES
Bangladesh Agricultural University Research System,BD
Bangladesh Council of Scientific and Industrial Research,BD
Barts Charity,
Barts Health NHS Trust,
Basic Energy Sciences,US
Basic Research Laboratory,
Basic Scientific Fund for National Public Research Institutes of China,CN
Basic and Applied Basic Research Foundation of Guangdong Province,CN
Battelle,
Bayer Animal Health,DE
Bayer Corporation,DE
Bayer Foundation,DE
BeiGene,
Beijing Innovation Center for Future Chip,
Beijing Municipal Administration of Hospitals,
Beijing Municipal Health Commission,
Beijing Normal University,
Beijing University of Chinese Medicine,CN
Belgian Federal Science Policy Office,BE
Belmont Forum,
Berkeley Natural History Museums,
Berlin Institute of Health,
Berlin Mathematical School,DE
Berlin Mathematics Research Center MATH+,
Bernhard-Nocht-Institut für Tropenmedizin,
Bhabha Atomic Research Centre,
Bilkent Üniversitesi,
Bill and Melinda Gates Foundation,US
Binus University,
BioTechMed-Graz,
Biodiversa+,
Biodiversity-Based Economy Development Office,
Biogen,
Biological and Environmental Research,
Biotechnology and Biological Sciences Research Council,GB
"Bjerknessenteret for klimaforskning, Universitetet i Bergen",
Boettcher Foundation,
BonaRes,
Boston Scientific Corporation,
Branco Weiss Fellowship – Society in Science,
Bremen International Graduate School of Social Sciences,
Brigham and Women's Hospital,
Bristol-Myers Squibb,US
British Academy,GB
British Antarctic Survey,GB
British Council,GB
British Geological Survey,GB
British Heart Foundation,GB
Broad Institute,
Brown University,
Bulgarian National Science Fund,
Bundesamt für Bevölkerungsschutz und Katastrophenhilfe,
Bundesamt für Energie,CH
Bundesamt für Landwirtschaft,
Bundesanstalt für Landwirtschaft und Ernährung,DE
Bundesanstalt für Materialforschung und -Prüfung,
Bundesinstitut für Risikobewertung,
Bundesministerium für Bildung und Forschung,DE
Bundesministerium für Bildung und Frauen,AT
"Bundesministerium für Bildung, Wissenschaft und Kultur",AT
"Bundesministerium für Bildung, Wissenschaft, Forschung und Technologie",DE
Bundesministerium für Ernährung und Landwirtschaft,DE
Bundesministerium für Forschung und Technologie,DE
"Bundesministerium für Umwelt, Naturschutz, Bau und Reaktorsicherheit",DE
"Bundesministerium für Umwelt, Naturschutz, nukleare Sicherheit und Verbraucherschutz",DE
Bundesministerium für Wirtschaft und Energie,DE
Bundesministerium für Wirtschaft und Klimaschutz,DE
Bundesministerium für Wirtschaft und Technologie,DE
Bundesministerium für Wirtschaftliche Zusammenarbeit und Entwicklung,DE
Bundesministerium für Wissenschaft und Forschung,AT
Bộ Giáo dục và Ðào tạo,
Bộ Nông Nghiệp và Phát Triển Nông Thôn,VN
CHIST-ERA,
CSIR-Central Institute of Mining and Fuel Research,
California Department of Fish and Game,
California Department of Fish and Wildlife,
California Department of Transportation,
California Institute of Technology,
Cambridge Commonwealth Trust,
Cambridge Overseas Trust,
Cambridge Trust,GB
Campbell Family Mental Health Research Institute,
"Canada Excellence Research Chairs, Government of Canada",CA
Canada Research Chairs,CA
Canadian Centre for Applied Research in Cancer Control,CA
Canadian Foundation for Climate and Atmospheric Sciences,CA
Canadian Institute for Advanced Research,CA
Canadian Institutes of Health Research,CA
Canadian Space Agency,CA
Cancer Research UK,GB
Canon Foundation for Scientific Research,
Capgemini,
Capital Medical University,
Carl Zeiss Meditec AG,DE
Carl von Ossietzky Universität Oldenburg,DE
Carlsbergfondet,DK
Carnegie Trust for the Universities of Scotland,GB
"Case Comprehensive Cancer Center, Case Western Reserve University",
Cedars-Sinai Medical Center,
Celgene,
Celltrion,
Center for Alcohol Studies,
Center for Global Health,US
"Center for Hierarchical Manufacturing, National Science Foundation",US
Center for Neuroscience and Regenerative Medicine,
"Center of Excellence for the Oceans, National Taiwan Ocean University",TW
Centers for Disease Control and Prevention,
"Central Geological Survey, Ministry of Economic Affairs",
Central Marine Fisheries Research Institute,
"Central Mechanical Engineering Research Institute, Council of Scientific and Industrial Research",
Central Public-interest Scientific Institution Basal Research Fund for Chinese Academy of Tropical Agricultural Sciences,CN
Central South University,CN
Central University Basic Research Fund of China,CN
Centre International de Recherche sur le Cancer,
Centre National de la Recherche Scientifique,FR
Centre National d’Etudes Spatiales,
Centre de Coopération Internationale en Recherche Agronomique pour le Développement,
Centre for Asia-Pacific Initiatives,
"Centre for Environment, Fisheries and Aquaculture Science",
Centre for Marine Socioecology,AU
"Centre for Water Technology, Aarhus University",
Centre hospitalier régional universitaire de Lille,
"Centre of Excellence for Coral Reef Studies, Australian Research Council",AU
"Centre of Excellence for Environmental Decisions, Australian Research Council",AU
Centro Euro-Mediterraneo sui Cambiamenti Climatici,
Centro de Ciências do Mar,
"Centro de Estudos Ambientais e Marinhos, Universidade de Aveiro",
Centro de Investigación Biomédica en Red-Fisiopatología de la Obesidad y Nutrición,
Centrum fÖr Personcentrerad Vård,
Cetacean Society International,
Chan Zuckerberg Initiative,US
Chang Gung Medical Foundation,TW
Changjiang River Scientific Research Institute,
Changjiang Scholar Program of Chinese Ministry of Education,CN
Charité – Universitätsmedizin Berlin,DE
Charles Darwin University,
"Chemical Sciences, Geosciences, and Biosciences Division",US
"Chengdu Institute of Plateau Meteorology, China Meteorological Administration",CN
Chengdu University,
Chengdu University of Information Technology,
Chengdu University of Traditional Chinese Medicine,CN
Chevron,US
Chiang Mai University,
Chiba University,
"Chief Scientist Office, Scottish Government Health and Social Care Directorate",GB
China Academy of Space Technology,CN
China Agricultural Research System,CN
China Agricultural University,CN
China Association for Science and Technology,CN
China Clean Development Mechanism Fund,CN
China Geological Survey,CN
China Institute of Water Resources and Hydropower Research,CN
China Meteorological Administration,CN
China National Offshore Oil Corporation,CN
China National Petroleum Corporation,CN
China Ocean Mineral Resources Research and Development Association,CN
China Pharmaceutical University,CN
China Postdoctoral Science Foundation,CN
China Scholarship Council,CN
China Three Gorges Corporation,CN
China University of Geosciences,CN
"China University of Geosciences, Beijing",CN
"China University of Geosciences, Wuhan",CN
"China University of Petroleum, Beijing",CN
China-Korea Joint Ocean Research Center,CN
Chinese Academy of Agricultural Sciences,CN
Chinese Academy of Engineering,CN
Chinese Academy of Fishery Sciences,CN
Chinese Academy of Geological Sciences,CN
Chinese Academy of Medical Sciences,CN
Chinese Academy of Meteorological Sciences,CN
Chinese Academy of Sciences,CN
Chinese Academy of Tropical Agricultural Sciences,CN
Chinese Arctic and Antarctic Administration,CN
Chinese Center for Disease Control and Prevention,CN
Chinese Government Scholarship,CN
Chinese Universities Scientific Fund,CN
Chinese University of Hong Kong,CN
Chinesisch-Deutsche Zentrum für Wissenschaftsförderung,
Chongqing Medical University,
Chongqing Municipal Education Commission,CN
Chongqing Municipal Health Commission,CN
Chongqing Science and Technology Commission,CN
Chongqing University of Arts and Sciences,
Christian-Albrechts-Universität zu Kiel,DE
Chugai Pharmaceutical,
Chulalongkorn University,
Cilag,
Claussen-Simon-Stiftung,
Clemson University,
Cleveland Clinic,
Climate Extremes,
Climate Program Office,
"College of Engineering, Michigan State University",
"College of Medicine, Seoul National University",
Colorado Agricultural Experiment Station,
Colorado State University,
Columbia University,US
Comisión Nacional de Investigación Científica y Tecnológica,
Commission on Higher Education,
Commonwealth Scientific and Industrial Research Organisation,
Compagnie Nationale du Rhône,
Concordia University,
"Consejo Nacional de Ciencia, Tecnología e Innovación Tecnológica",
Consejo Nacional de Investigaciones Científicas y Técnicas,AR
Consejo Superior de Investigaciones Científicas,
Conselho Nacional de Desenvolvimento Científico e Tecnológico,BR
Conservation Leadership Programme,
Consortium for Ocean Leadership,US
Consortium of International Agricultural Research Centers,
Coordenação de Aperfeiçoamento de Pessoal de Nível Superior,BR
Core Research for Evolutional Science and Technology,
Cork Institute of Technology,
"Council of Scientific and Industrial Research, India",IN
Critical Ecosystem Partnership Fund,
Croucher Foundation,
Cure Kids,NZ
Curtin University of Technology,
"Curtin University, Malaysia",MY
Cyrus Tang Foundation,
DAK-Gesundheit,
DSI-NRF Centre of Excellence for Integrated Mineral and Energy Resource Analysis,
"Dahlem Research School, Freie Universität Berlin",DE
Daiichi Sankyo Europe,
Dalhousie University,
Danish Agency for Science and Higher Education,DK
Danmarks Frie Forskningsfond,DK
Danmarks Grundforskningsfond,DK
"David Geffen School of Medicine, University of California, Los Angeles",
David and Lucile Packard Foundation,US
Deakin University,
"Deanship of Scientific Research, King Saud University",SA
Defence Research and Development Organisation,
Defense Advanced Research Projects Agency,US
"Departamento Administrativo de Ciencia, Tecnología e Innovación (COLCIENCIAS)",
"Departement Economie, Wetenschap en Innovatie",BE
"Department for Environment, Food and Rural Affairs, UK Government",GB
Department for International Development,
"Department for International Development, UK Government",GB
"Department of Biotechnology, Ministry of Science and Technology, India",IN
"Department of Defence, Australian Government",AU
"Department of Earth, Atmospheric and Planetary Sciences, Massachusetts Institute of Technology",
Department of Education of Guangdong Province,
Department of Education of Guizhou Province,
"Department of Electronics and Information Technology, Ministry of Communications and Information Technology",
Department of Energy and Climate Change,GB
Department of Environmental Protection of Guangdong Province,CN
"Department of Foreign Affairs and Trade, Australian Government",AU
"Department of Health and Aged Care, Australian Government",AU
Department of Health and Social Care,
Department of Health of Guizhou Province,CN
"Department of Mechanical Engineering, University of Texas at Austin",
"Department of Psychiatry, University of Toronto",
Department of Science and Technology of Sichuan Province,CN
"Department of Science and Technology, Government of Kerala",IN
"Department of Science and Technology, Hubei Provincial People's Government",CN
"Department of Science and Technology, Ministry of Science and Technology, India",IN
"Department of Science and Technology, Philippines",PH
"Department of Science and Technology, Republic of South Africa",ZA
"Department of Scientific and Industrial Research, Ministry of Science and Technology, India",IN
"Department of Water and Environmental Regulation, Government of Western Australia",AU
Deutsche Bundesstiftung Umwelt,DE
Deutsche Forschungsgemeinschaft,DE
Deutsche Gesellschaft für Internationale Zusammenarbeit,DE
Deutsche Gesellschaft für Muskelkranke,DE
Deutsche Gesellschaft für Neurologie,DE
Deutsche Kinderkrebsstiftung,DE
Deutsche Krebshilfe,DE
Deutsche Stiftung Friedensforschung,DE
Deutsche Telekom Stiftung,DE
Deutscher Akademischer Austauschdienst,DE
Deutscher Akademischer Austauschdienst France,DE
Deutsches Elektronen-Synchrotron,DE
Deutsches Institut für Japanstudien,DE
Deutsches Klimarechenzentrum,DE
Deutsches Krebsforschungszentrum,DE
Deutsches Zentrum für Infektionsforschung,DE
Deutsches Zentrum für Luft- und Raumfahrt,DE
Deutsches Zentrum für Lungenforschung,DE
Deutsches Zentrum für Neurodegenerative Erkrankungen,DE
Diabetes UK,GB
"Direcció General de Recerca, Generalitat de Catalunya",ES
Direction Générale de l’offre de Soins,FR
Directorate for Biological Sciences,
Directorate for Computer and Information Science and Engineering,
Directorate for Geosciences,US
Directorate-General for the Environment,
Direktion für Entwicklung und Zusammenarbeit,
Direktorat Riset dan Pengabdian Masyarakat,
Direktoratet for Utviklingssamarbeid,
Division of Atmospheric and Geospace Sciences,US
Division of Behavioral and Cognitive Sciences,US
Division of Earth Sciences,US
"Division of Electrical, Communications and Cyber Systems",
Division of Emerging Frontiers,
Division of Environmental Biology,
Division of Materials Research,
Division of Ocean Sciences,US
Division of Social and Economic Sciences,
Dogs Trust,
Doosan Heavy Industries and Construction,
Duke-NUS Medical School,
Dystonia Coalition,
EWE,
Earmarked Fund for China Agriculture Research System,CN
Earth League,
Earth Observatory of Singapore,SG
"Earthquake Research Institute, University of Tokyo",JP
East China Institute of Technology,CN
East China Normal University,CN
East China University of Science and Technology,CN
Eberhard Karls Universität Tübingen,DE
Economic and Social Research Council,GB
Edmonton Community Foundation,
Education Department of Shaanxi Province,CN
Eesti Teadusagentuur,
Eidgenössische Technische Hochschule Zürich,
Eisai,
Eli Lilly and Company,
Else Kröner-Fresenius-Stiftung,DE
Energy Foundation,
Engineering Research Centers,US
Engineering and Physical Sciences Research Council,GB
Ente Cassa di Risparmio di Firenze,
Environment and Climate Change Canada,CA
Environment and Conservation Fund,HK
Environmental Restoration and Conservation Agency,
Erasmus Medisch Centrum,
Erasmus+,EU
Eunice Kennedy Shriver National Institute of Child Health and Human Development,
European Association of Organic Geochemist,
European Bioinformatics Institute,
European Centre for Disease Prevention and Control,
European Centre for Medium-Range Weather Forecasts,
European Commission,EU
European Cooperation in Science and Technology,EU
European Environment Agency,
European Food Safety Authority,EU
European Genomic Institute for Diabetes,
European Geosciences Union,
European Molecular Biology Laboratory,EU
European Molecular Biology Organization,EU
European Organization for the Exploitation of Meteorological Satellites,
European Regional Development Fund,EU
European Research Council,EU
European Science Foundation,
European Social Fund,EU
European Society of Clinical Microbiology and Infectious Diseases,
European Space Agency,EU
European and Developing Countries Clinical Trials Partnership,
Euroscience,EU
Eurostars,
Eva Crane Trust,GB
Ewing Marion Kauffman Foundation,US
Explorers Club,US
Exzellenzcluster Ozean der Zukunft,
Exzellenzclusters Entzündungsforschung,
Eötvös Loránd Tudományegyetem,
F. Hoffmann-La Roche,CH
FP7 Cooperation,EU
FP7 Euratom,EU
FP7 Health,EU
FP7 Ideas: European Research Council,EU
FP7 Information and Communication Technologies,EU
FP7 International Cooperation,EU
FP7 People: Marie-Curie Actions,EU
FP7 Research infrastructures,EU
FRAXA Research Foundation,
"Faculty of Liberal Arts and Social Sciences, Education University of Hong Kong",HK
"Faculty of Medicine, Chiang Mai University",
"Faculty of Medicine, Chulalongkorn University",
"Faculty of Medicine, Prince of Songkla University",
"Faculty of Public Health, Mahidol University",
"Faculty of Science, Chulalongkorn University",
"Faculty of Tropical Medicine, Mahidol University",
"Far East Branch, Russian Academy of Sciences",RU
Federación Española de Enfermedades Raras,ES
Federal Agency for Scientific Organizations,
Federalno Ministarstvo Obrazovanja i Nauke,
Fellowships for Young International Scientists,CN
Fisheries and Oceans Canada,CA
Flinders University,
Florida Museum of Natural History,
Flotte Océanographique Française,FR
Flu Lab,
Fogarty International Center,
Fondation BNP Paribas,FR
Fondation Brocher,
Fondation EDF,
Fondation Max van Berchem,CH
Fondation Tara Océan,
Fondation Veolia Environnement,
Fondo Nacional de Desarrollo Científico y Tecnológico,
Fondo de Financiamiento de Centros de Investigación en Áreas Prioritarias,
Fonds De La Recherche Scientifique - FNRS,BE
Fonds Français pour l'Environnement Mondial,FR
Fonds Wetenschappelijk Onderzoek,BE
Food and Health Bureau,
Ford Foundation,US
Foreign and Commonwealth Office,
"Foreign, Commonwealth and Development Office",
Forschungszentrum Jülich,
"Forskningsrådet om Hälsa, Arbetsliv och Välfärd",
Foshan University,
Foundation for Barnes-Jewish Hospital,US
Foundation for Innovative Research Groups of the National Natural Science Foundation of China,CN
"Foundation for Research, Science and Technology",
Foundation for the Author of National Excellent Doctoral Dissertation of the People's Republic of China,TW
Foundation for the National Institutes of Health,US
Francis Crick Institute,
Fred Hutchinson Cancer Research Center,
"Freeman Spogli Institute for International Studies, Stanford University",US
Freie Hansestadt Bremen,
Freie Universität Berlin,
Friedrich-Alexander-Universität Erlangen-Nürnberg,DE
Friedrich-Baur-Stiftung,DE
Friedrich-Schiller-Universität Jena,
Fritz Thyssen Stiftung,DE
Fudan University,CN
Fuel Cell Technologies Program,
Fuel Cells and Hydrogen Joint Undertaking,
Fujian Agriculture and Forestry University,
Fujian Provincial Department of Science and Technology,CN
Fukushima University,
Fund for Innovative Climate and Energy Research,
Fundació Catalana de Trasplantament,
Fundación Bancaria Caixa d'Estalvis i Pensions de Barcelona,
Fundación Séneca,ES
Fundacja na rzecz Nauki Polskiej,PL
Fundamental Research Funds for Central Universities of the Central South University,CN
Fundamental Research Funds for the Central Universities,CN
Fundamental Research Funds for the Central Universities of Beijing University of Chemical Technology,CN
Fundação Carlos Chagas Filho de Amparo à Pesquisa do Estado do Rio de Janeiro,
Fundação Oswaldo Cruz,
Fundação de Amparo à Pesquisa do Estado de Minas Gerais,BR
Fundação de Amparo à Pesquisa do Estado de São Paulo,BR
Fundação de Amparo à Pesquisa do Estado do Amazonas,BR
Fundação de Amparo à Pesquisa e Inovação do Estado de Santa Catarina,
Fundação para a Ciência e a Tecnologia,
GEOMAR Helmholtz-Zentrum für Ozeanforschung Kiel,DE
GIGA German Institute of Global and Area Studies,DE
Galderma,
Galecto,
"Ganjiang Innovation Academy, Chinese Academy of Sciences",CN
Gates Cambridge Trust,
Gazi Üniversitesi,
Gemeinnützige Hertie-Stiftung,
Genentech,
Generalitat Valenciana,
Generalitat de Catalunya,
Genome Institute of Singapore,SG
Georg-August-Universität Göttingen,DE
George Washington University,
Georgetown University,
Georgia Institute of Technology,
Georgian National Science Foundation,GE
Gerda Henkel Foundation,DE
German Academic Exchange Service,DE
German Academic Exchange Service London,DE
German Academic Exchange Service New Delhi,DE
German-Israeli Foundation for Scientific Research and Development,IL
Gilead Sciences,
GlaxoSmithKline,
GlaxoSmithKline Biologicals,
Global Challenges Research Fund,
Global Change Research Program of China,CN
Global Foundation for Eating Disorders,
Goddard Space Flight Center,
Goethe-Universität Frankfurt am Main,
Gordon and Betty Moore Foundation,US
Gottfried Wilhelm Leibniz Universität Hannover,DE
Govern de les Illes Balears,
Government of Canada,CA
Government of Jiangsu Province,
Government of Jiangxi Province,
Government of the United Kingdom,GB
"Graduiertenakademie, Technische Universität Dresden",
Grand Challenges Canada,CA
Grand Équipement National De Calcul Intensif,
Grantová Agentura České Republiky,CZ
"Grantová Agentura, Univerzita Karlova",
Great Lakes Protection Fund,
"GuangZhou Institute of Energy Conversion, Chinese Academy of Sciences",CN
Guangdong Ocean University,
Guangdong Province Higher Vocational Colleges and Schools Pearl River Scholar Funded Scheme,
Guangxi Key Laboratory of Environmental Pollution Control Theory and Technology,
Guangxi Key Research and Development Program,CN
Guangxi Medical University,
Guangxi University,
"Guangzhou Institute of Geochemistry, Chinese Academy of Sciences",CN
Guangzhou Medical University,
Guangzhou Municipal Science and Technology Project,
Guangzhou University,
Gwangju Institute of Science and Technology,KR
Göteborgs Universitet,SE
H2020 European Research Council,EU
H2020 Excellent Science,EU
H2020 Marie Skłodowska-Curie Actions,EU
H2020 Research Infrastructures,EU
HEC Montréal,CA
HELSUS Kestävyystieteen Instituutti,
"HORIZON EUROPE Climate, Energy and Mobility",EU
HORIZON EUROPE Excellent Science,EU
HORIZON EUROPE Framework Programme,EU
HORIZON EUROPE Marie Sklodowska-Curie Actions,EU
Hainan Provincial Department of Science and Technology,CN
Hainan University,
Hankuk University of Foreign Studies,
Hanns-Seidel-Stiftung,
Harvard T.H. Chan School of Public Health,
Harvard University,US
Health Commission of Guizhou Province,
Health Systems Research Institute,
Health and Social Care Research and Development Division,
Health and Welfare Data Science Center,TW
Hebei University,
Hebrew University of Jerusalem,
Hefei University,
Hefei University of Technology,
Heidelberg Engineering,
Heilongjiang University of Science and Technology,
Heinrich Böll Stiftung,DE
Heinrich-Heine-Universität Düsseldorf,DE
Helmholtz Alliance for Astroparticle Physics,DE
Helmholtz Association,DE
Helmholtz Zentrum München,DE
Helmholtz-Gemeinschaft,DE
Helmholtz-Zentrum Dresden-Rossendorf,DE
Helmholtz-Zentrum Potsdam - Deutsches GeoForschungsZentrum GFZ,DE
Helsingin Yliopisto,FI
"Helsinki Institute of Life Science, Helsingin Yliopisto",
Henan Normal University,
Heriot-Watt University,GB
Hermann und Lilly Schilling-Stiftung für Medizinische Forschung,
Hermon Slade Foundation,
Hertz Foundation,US
Hessisches Ministerium für Wissenschaft und Kunst,
"Higher Education Commision, Pakistan",PK
"Higher Education Commission, Pakistan",PK
Higher Education Discipline Innovation Project,CN
Higher Education Funding Council for England,GB
Hirosaki University,
Hohai University,CN
Hokkaido University,JP
Hong Kong Baptist University,HK
Hong Kong Institute for Monetary Research,HK
Hong Kong Polytechnic University,HK
Hong Kong University of Science and Technology,HK
Horizon 2020,EU
Horizon 2020 Framework Programme,EU
Howard Hughes Medical Institute,US
Huazhong Agricultural University,
Human Resource Development Group,
Humanities and Social Science Fund of Ministry of Education of China,CN
"Humanities and Social Sciences Youth Foundation, Ministry of Education of the People's Republic of China",TW
Humanity United,US
Humboldt-Universität zu Berlin,DE
Høgskolen i Innlandet,
I.M. Sechenov First Moscow State Medical University,
ICAR Research Complex for North Eastern Hill Region,
IFP Energies Nouvelles,FR
ISblue,
Icelandic Ministry of Fisheries and Agriculture,IS
Imperial College London,
Incorporated Research Institutions for Seismology,US
India Diabetes Research Foundation,IN
India Meteorological Department,IN
Indian Council of Agricultural Research,IN
Indian Council of Forestry Research and Education,IN
Indian Council of Historical Research,IN
Indian Council of Medical Research,IN
Indian Institute of Science,IN
Indian Institute of Science Education and Research Bhopal,IN
Indian Institute of Technology Gandhinagar,IN
Indian Institute of Technology Madras,IN
Indian National Centre for Ocean Information Services,IN
Indian National Science Academy,IN
Indian Space Research Organisation,IN
Indonesia Toray Science Foundation,ID
Inner Mongolia Agricultural University,MN
Inner Mongolia University,MN
Innovation Scientists and Technicians Troop Construction Projects of Henan Province,CN
Innovation and Technology Commission,
Innovation and Technology Fund,
Innovative Medicines Initiative,EU
Innovative Methods and Metrics for Agriculture and Nutrition Actions,
Innovative Research Group Project of the National Natural Science Foundation of China,CN
Innovent Biologics,
Innovációs és Technológiai Minisztérium,
Institut Français de Recherche pour l'Exploitation de la Mer,FR
Institut National Du Cancer,FR
Institut National de la Recherche Agronomique,
Institut National de la Santé et de la Recherche Médicale,
Institut Penyelidikan dan Kemajuan Pertanian Malaysia,MY
Institut Pertanian Bogor,
Institut Polaire Français Paul Emile Victor,FR
Institut Teknologi Bandung,
Institut Universitaire de France,FR
Institut chilien de l'Antarctique,
Institut de Physique du Globe de Paris,FR
Institut de Recherche pour le Développement,FR
Institut für Weltwirtschaft,
Institut national des sciences de l'Univers,FR
Institut écologie et environnement,
"Institute for Advanced Study, Technische Universität München",DE
Institute for Basic Science,KR
Institute for Health Metrics and Evaluation,
Institute for Information and Communications Technology Promotion,
"Institute for Oil Sands Innovation, University of Alberta",
Institute for the Promotion of Teaching Science and Technology,
Institute of Genetics,
"Institute of Geochemistry, Chinese Academy of Sciences",CN
"Institute of Geology and Geophysics, Chinese Academy of Sciences",CN
Institute of Hydrobiology,
"Institute of Microbiology, Chinese Academy of Sciences",CN
"Institute of Neurosciences, Mental Health and Addiction",
"Institute of Oceanology, Chinese Academy of Sciences",CN
"Institute of Soil Science, Chinese Academy of Sciences",CN
"Institute of Tropical Aquaculture and Fisheries, University Malaysia Terengganu",MY
"Institute of Urban Environment, Chinese Academy of Sciences",CN
"Institute of Zoology, Chinese Academy of Sciences",CN
Instituto Científico Pfizer,ES
Instituto Milenio de Oceanografía,
Instituto Nacional de Ciência e Tecnologia de Catálise em Sistemas Moleculares e Nanoestruturados,
Instituto Nacional de Pesquisas da Amazônia,
Instituto Politécnico Nacional,
"Instituto de Ciencias del Mar y Limnología, Universidad Nacional Autónoma de México",MX
Instituto de Salud Carlos III,ES
Instituut voor Tropische Geneeskunde,
Intel Corporation,US
International Association of Sedimentologists,
International Atomic Energy Agency,
International Centre for Bamboo and Rattan,
International Centre for Integrated Mountain Development,
International Council for the Exploration of the Sea,
International Foundation for Science,
International Fund for Agricultural Development,
International Fund for Animal Welfare,
International Institute for Applied Systems Analysis,
International Max Planck Research School for Advanced Methods in Process and Systems Engineering,DE
"International Max Planck Research School for Environmental, Cellular and Molecular Microbiology",DE
International Max Planck Research School for global Biogeochemical Cycles,DE
International Monetary Fund,
Interreg,
Interreg North-West Europe,EU
Invest Northern Ireland,IE
Iran Telecommunication Research Center,IR
Isaac Newton Trust,GB
Istituto Superiore di Sanità,
JST-Mirai Program,JP
Jacobs University,DE
Jadavpur University,
Jane ja Aatos Erkon Säätiö,FI
Janssen Pharmaceuticals,
Japan Aerospace Exploration Agency,JP
Japan Agency for Marine-Earth Science and Technology,JP
Japan Agency for Medical Research and Development,JP
Japan International Cooperation Agency,JP
Japan Science and Technology Agency,JP
Japan Science and Technology Corporation,JP
Japan Society for the Promotion of Science,JP
Japanese Society of Medical Oncology,JP
Javna Agencija za Raziskovalno Dejavnost RS,SI
Jawaharlal Nehru Memorial Fund,
Jenderal Soedirman University,
Jet Propulsion Laboratory,
Jiangsu Key Laboratory of Marine Biotechnology,
Jiangsu Planned Projects for Postdoctoral Research Funds,CN
Jilin University,
Jinan University,
Johanna Quandt Young Academy,
John D. and Catherine T. MacArthur Foundation,US
Johns Hopkins University,
Johnson and Johnson,US
Joint Institute for the Study of the Atmosphere and Ocean,US
Joint Programming Initiative on Antimicrobial Resistance,
Joint Research Centre,
Junta de Andalucía,
Junta de Castilla y León,
Justus Liebig Universität Gießen,
K. C. Wong Education Foundation,CN
KELLNER UND STOLL - STIFTUNG FÜR KLIMA UND UMWELT,
KU Leuven,
Kaohsiung Medical University,
Kaohsiung Medical University Chung-Ho Memorial Hospital,
Karlsruhe Institute of Technology,DE
Karolinska Institutet,SE
Kasetsart University,
Katholischer Akademischer Ausländer-Dienst,
Kavli Foundation,US
Keele University,
Keimyung University,
Keio University,JP
Kela,
Kementerian Keuangan Republik Indonesia,ID
Kementerian Pendidikan Malaysia,MY
"Kementerian Riset, Teknologi dan Pendidikan Tinggi",ID
"Kementerian Sains, Teknologi dan Inovasi",MY
Kementerian Sumber Asli dan Alam Sekitar,
Kempe Foundation,
Kenya Marine and Fisheries Research Institute,
"Key Laboratory of Engineering Plastics, Chinese Academy of Sciences",CN
Key Laboratory of Global Change and Marine-Atmospheric Chemistry,
Key Laboratory of Heavy Rain and Drought-Flood Disasters in Plateau and Basins of Sichuan Province,
Key Laboratory of Marine Geology and Environment,CN
Key Laboratory of Meteorological Disaster,
Key Programme,
Key Research and Development Program of Hunan Province of China,CN
Key Research and Development Program of Zhejiang Province,
Key Research and Development Project of Hainan Province,CN
Key Technologies Research and Development Program,CN
Key University Science Research Project of Jiangsu Province,CN
Khon Kaen University,TH
Khulna University,
King Abdullah University of Science and Technology,SA
King Fahd University of Petroleum and Minerals,
King Khalid University,SA
King Mongkut's Institute of Technology Ladkrabang,
King Saud University,SA
King's College London,
Knut och Alice Wallenbergs Stiftelse,
"Koch Institute for Integrative Cancer Research, Massachusetts Institute of Technology",
"Komarov Botanical Institute, Russian Academy of Sciences",RU
Koneen Säätiö,FI
Kongju National University,KR
Koninklijk Belgisch Instituut voor Natuurwetenschappen,
Koninklijk Nederlands Instituut voor Onderzoek der Zee,NL
Koninklijke Nederlandse Akademie van Wetenschappen,NL
Konrad-Adenauer-Stiftung,
Korea Advanced Institute of Science and Technology,KR
Korea Aerospace Research Institute,KR
Korea Centers for Disease Control and Prevention,KR
Korea Environmental Industry and Technology Institute,KR
Korea Institute of Construction Technology,KR
Korea Institute of Energy Technology Evaluation and Planning,KR
Korea Institute of Geoscience and Mineral Resources,KR
Korea Institute of Marine Science and Technology promotion,KR
Korea Institute of Ocean Science and Technology,KR
Korea Institute of Science and Technology Information,KR
Korea International Cooperation Agency,KR
Korea Maritime and Ocean University,KR
Korea Meteorological Administration,KR
Korea Polar Research Institute,KR
Korea Science and Engineering Foundation,KR
Korea University,KR
Krebsliga Schweiz,CH
Krishi Gobeshona Foundation,
Kumamoto University,
Kungliga Fysiografiska Sällskapet i Lund,
Kurt-Eberhard-Bode-Stiftung für Medizinische und Naturwissenschaftliche Forschung,DE
Kuwait Institute for Scientific Research,
Kyoto University,JP
L'Oreal USA,US
LEO Pharma,
Laboratory Directed Research and Development,US
Lake Baikal Foundation,
"Lamont-Doherty Earth Observatory, Columbia University",
Lancaster University,
Langley Research Center,
Lanzhou University,
Latvijas Universitate,
Lawrence Livermore National Laboratory,US
"Lee Kuan Yew School of Public Policy, National University of Singapore",SG
Leibniz-Gemeinschaft,DE
Leibniz-Institut für Ostseeforschung Warnemünde,DE
Leibniz-WissenschaftsCampus Phosphorforschung Rostock,DE
Leibniz-Zentrum für Marine Tropenforschung,DE
Lembaga Ilmu Pengetahuan Indonesia,ID
Lembaga Pengelola Dana Pendidikan,ID
Les Laboratories Pierre Fabre,FR
Leukemia and Lymphoma Society,
Leuphana Universität Lüneburg,
Leverhulme Trust,GB
Libera Università di Bolzano,IT
Lietuvos Sveikatos Mokslų Universitetas,
Ligue Contre le Cancer,FR
Lingnan University,
Linköpings Universitet,
Linnean Society of London,
"Liver Center, University of California, San Francisco",
Lloyd's Register,
Lloyd's Register Foundation,
London School of Hygiene and Tropical Medicine,
Los Alamos National Laboratory,
Louisiana State University,US
Ludwig-Maximilians-Universität München,
Luonnontieteiden ja Tekniikan Tutkimuksen Toimikunta,FI
Luoyang Normal University,
Lyda Hill Foundation,
MARUM – Zentrum für Marine Umweltwissenschaften,
Macau University of Science and Technology,CN
Macquarie University,
Madras Diabetes Research Foundation,
Magyar Tudományos Akadémia,HU
Maharaja Sayajirao University of Baroda,
Mahidol University,TH
Maj ja Tor Nesslingin Säätiö,
Major Basic Research Project of the Natural Science Foundation of the Jiangsu Higher Education Institutions,
Major Science and Technology Program for Water Pollution Control and Treatment,
Major Science and Technology Project of Hainan Province,
Major Science and Technology Projects in Anhui Province,CN
Major State Basic Research Development Program of China,CN
Malacological Society of London,
Malaysian Palm Oil Board,MY
Marfan Foundation,US
Margaret A. Cargill Foundation,
Marine National Facility,AU
Marsden Fund,
Massachusetts General Hospital,
Massachusetts Institute of Technology,
Max Kade Foundation,
Max-Planck-Gesellschaft,DE
Max-Planck-Institut für Chemie,
Max-Planck-Institut für Evolutionäre Anthropologie,
Max-Planck-Institut für Mathematik in den Naturwissenschaften,
Max-Planck-Institut für Menschheitsgeschichte,
Max-Planck-Institut für demografische Forschung,DE
McGill University,CA
McMaster University,
Medical Research Council,GB
"Mediterranean Sea Research Center of Israel, University of Haifa",IL
Meiji Seika Pharma,
Mekelle University,
"Menzies Centre for Australian Studies, King's College London, University of London",AU
Menzies School of Health Research,
Merck KGaA,DE
Merck Sharp and Dohme,
Meso Scale Diagnostics,US
Mesothelioma Applied Research Foundation,
Met Office,GB
Michael J. Fox Foundation for Parkinson's Research,US
Michigan State University,
Mineral Resources,
"Ministerio de Asuntos Económicos y Transformación Digital, Gobierno de España",ES
Ministerio de Ciencia e Innovación,ES
Ministerio de Ciencia y Tecnología,
"Ministerio de Ciencia, Innovación y Universidades",ES
Ministerio de Economía y Competitividad,ES
Ministerio de Educación y Formación Profesional,
"Ministerio del Ambiente, Agua y Transición Ecológica",
"Ministerium für Bildung, Wissenschaft und Kultur Mecklenburg-Vorpommern",DE
Ministero della Salute,
"Ministero dell’Istruzione, dell’Università e della Ricerca",
"Ministry of AYUSH, Government of India",IN
Ministry of Agriculture and Rural Development,VN
"Ministry of Agriculture, Food and Rural Affairs",
"Ministry of Agriculture, Forestry and Fisheries",
"Ministry of Ayurveda, Yoga and Naturopathy, Unani, Siddha and Homoeopathy",
Ministry of Cultural Affairs,
Ministry of Earth Sciences,IN
Ministry of Economy,
"Ministry of Economy, Trade and Industry",
Ministry of Education,
Ministry of Education - Singapore,SG
Ministry of Education and Human Resources Development,
Ministry of Education and Science,
Ministry of Education and Science of the Republic of Kazakhstan,KZ
Ministry of Education and Science of the Russian Federation,RU
Ministry of Education of the People's Republic of China,CN
"Ministry of Education, Culture, Sports, Science and Technology",JP
"Ministry of Education, Government of the People's Republic of Bangladesh",BD
"Ministry of Education, India",IN
"Ministry of Education, Science and Technology",
Ministry of Environment,
Ministry of Food and Drug Safety,
Ministry of Health and Family Welfare,
Ministry of Health and Welfare,
"Ministry of Health, Labour and Welfare",JP
"Ministry of Higher Education, Malaysia",MY
Ministry of Knowledge Economy,
Ministry of Land and Resources of the People's Republic of China,TW
"Ministry of Land, Transport and Maritime Affairs",
Ministry of Natural Resources of the People's Republic of China,CN
Ministry of New and Renewable Energy India,IN
Ministry of Oceans and Fisheries,KR
Ministry of Power,
Ministry of Public Health,
Ministry of Science and Higher Education of the Russian Federation,RU
"Ministry of Science and ICT, South Korea",KR
Ministry of Science and Technology,
Ministry of Science and Technology of the People's Republic of China,CN
"Ministry of Science and Technology, Government of the People’s Republic of Bangladesh",BD
"Ministry of Science and Technology, Taiwan",TW
"Ministry of Science, ICT and Future Planning",
"Ministry of Trade, Industry and Energy",
Ministry of Water Resources,
"Ministry of the Environment, Government of Japan",JP
"Ministère de l'Education Nationale, de l'Enseignement Supérieur et de la Recherche",
Ministère de l'Enseignement Supérieur et de la Recherche,FR
"Ministério da Ciência, Tecnologia e Ensino Superior",
"Ministério da Ciência, Tecnologia e Inovação",
"Minnesota Population Center, University of Minnesota",
Mitacs,
Mohamed bin Zayed Species Conservation Fund,
Mohammed bin Zayed Species Conservation Fund,AE
Mongolian Academy of Sciences,MN
Montana State University,
MorphoSys,
Mount Allison University,CA
Muséum National d'Histoire Naturelle,
Mylan,
Mäxi-Stiftung,
NASA Astrobiology Institute,US
NASA Headquarters,US
NGM Biopharmaceuticals,
NHLBI Division of Intramural Research,
NIHR Cambridge Biomedical Research Centre,
NOMIS Stiftung,DE
NSW Ministry of Health,
"Nanjing Institute of Geography and Limnology, Chinese Academy of Sciences",CN
Nanjing Medical Science and Technique Development Foundation,
Nanjing University,CN
Nanjing University of Information Science and Technology,CN
Nantong University,
Nanyang Technological University,
Narodowa Agencja Wymiany Akademickiej,
Narodowym Centrum Nauki,
National Academy of Sciences of Ukraine,
"National Administration of Surveying, Mapping and Geoinformation of China",CN
National Aeronautics and Space Administration,US
National Alliance for Research on Schizophrenia and Depression,
National Astronomical Observatory of Japan,JP
National Atmospheric Research Laboratory,
National Bureau of Statistics of China,CN
National Cancer Institute,US
National Center for Advancing Translational Sciences,
National Center for Atmospheric Research,US
National Center for Child Health and Development,
National Center for Genetic Engineering and Biotechnology,
National Center for Geriatrics and Gerontology,JP
National Center for Global Health and Medicine,
National Center of Neurology and Psychiatry,
National Centers for Environmental Information,
National Central University,
National Centre for Atmospheric Science,GB
National Centre for Earth Observation,
National Centre for Earth Science Studies,
"National Centre for Polar and Ocean Research, Ministry of Earth Sciences",
National Cheng Kung University,TW
National Commission for Science and Technology,
"National Commission for Science, Technology and Innovation",KE
National Council for Eurasian and East European Research,
National Defense Science and Engineering Graduate,US
National Development and Reform Commission,
National Endowment for the Humanities,US
National Eye Institute,US
National Fisheries Research and Development Institute,
National Foundation for Science and Technology Development,VN
National Geographic Society,US
National Health Commission of the People's Republic of China,TW
National Health Research Institutes,
National Health and Medical Research Council,AU
National High-tech Research and Development Program,CN
National Institute for Agro-Environmental Sciences,
National Institute for Health and Care Research,GB
National Institute for the Humanities and Social Sciences,
National Institute of Advanced Industrial Science and Technology,JP
National Institute of Agrobiological Sciences,JP
National Institute of Allergy and Infectious Diseases,US
National Institute of Animal Science,
National Institute of Biological Resources,KR
National Institute of Child Health and Human Development,US
National Institute of Diabetes and Digestive and Kidney Diseases,
National Institute of Ecology,
National Institute of Environmental Research,KR
National Institute of Fisheries Science,
National Institute of Food and Agriculture,US
National Institute of Forest Science,KR
National Institute of General Medical Sciences,US
National Institute of Information and Communications Technology,
National Institute of Mental Health,US
"National Institute of Metrology, China",CN
National Institute of Polar Research,
National Institute of Standards and Technology,
National Institute of Water and Atmospheric Research,NZ
National Institute on Aging,US
National Institute on Alcohol Abuse and Alcoholism,US
National Institutes of Health,
National Institutes of Natural Sciences,
National Key Research and Development Program of China,CN
National Major Science and Technology Projects of China,CN
National Marine Fisheries Service,
National Medical Research Council,
National Museum of Marine Biology and Aquarium,
National Museum of Natural History,
National Museum of Nature and Science,
National Nanotechnology Center,TH
National Natural Science Foundation of China,CN
National Natural Science Foundation of China-Guangdong Joint Fund,CN
National Natural Science Foundation of China-Henan Joint Fund,CN
National Natural Science Foundation of China-Shandong Joint Fund for Marine Science Research Centers,CN
National Natural Science Foundation of China-Yunnan Joint Fund,CN
National Oceanic and Atmospheric Administration,US
National Oceanography Centre,
National Office for Philosophy and Social Sciences,CN
National Outstanding Youth Science Fund Project of National Natural Science Foundation of China,CN
National Park Service,
National Pingtung University of Science and Technology,
National Pork Board,US
National Postdoctoral Program for Innovative Talents,CN
National Program on Global Change and Air-Sea Interaction,CN
National Research Centre,
National Research Council,
National Research Council Canada,CA
National Research Council of Thailand,TH
National Research Council of the Philippines,PH
National Research Foundation,
National Research Foundation Singapore,SG
National Research Foundation of Korea,KR
National Research Institute for Earth Science and Disaster Prevention,
National Research University Higher School of Economics,RU
"National Research, Development and Innovation Office",
National Science Council,TW
National Science Foundation,
National Science Foundation of Sri Lanka,LK
National Science and Technology Council,TW
National Science and Technology Development Agency,TH
National Science and Technology Major Project,
National Science and Technology Program during the Twelfth Five-year Plan Period,CN
National Sleep Foundation,US
National Social Science Fund of China,CN
"National Supercomputer Centre, Linköpings Universitet",SE
National Taiwan Ocean University,TW
National Taiwan University,TW
National Tea Research Foundation,
National Tsing Hua University,TW
National University of Mongolia,MN
National University of Singapore,SG
National University's Basic Research Foundation of China,CN
"Natur og Univers, Det Frie Forskningsråd",
Natural Environment Research Council,GB
Natural Resources Canada,CA
"Natural Science Foundation Project of Chongqing, Chongqing Science and Technology Commission",
Natural Science Foundation of Anhui Province,CN
Natural Science Foundation of Beijing Municipality,CN
Natural Science Foundation of Chongqing,CN
Natural Science Foundation of Fujian Province,CN
Natural Science Foundation of Guangdong Province,CN
Natural Science Foundation of Guangxi Province,
Natural Science Foundation of Guangxi Zhuang Autonomous Region,CN
Natural Science Foundation of Hainan Province,CN
Natural Science Foundation of Heilongjiang Province,CN
Natural Science Foundation of Hubei Province,CN
Natural Science Foundation of Jiangsu Province,
Natural Science Foundation of Shandong Province,
Natural Science Foundation of Shanghai,CN
Natural Science Foundation of Sichuan Province,CN
Natural Science Foundation of Xinjiang,
Natural Science Foundation of Yunnan Province,
Natural Science Foundation of Zhejiang Province,CN
Natural Science Foundation of Hunan Province,
Natural Sciences and Engineering Research Council of Canada,CA
Nature,
Nature Conservancy,
Naturvårdsverket,
Nazarbayev University,
Nederlandse Organisatie voor Toegepast Natuurwetenschappelijk Onderzoek,NL
Nederlandse Organisatie voor Wetenschappelijk Onderzoek,NL
Nemzeti Kutatási Fejlesztési és Innovációs Hivatal,HU
Nemzeti Kutatási és Technológiai Hivatal,HU
"Nemzeti Kutatási, Fejlesztési és Innovaciós Alap",HU
Nepal Academy of Science and Technology,NP
Nepal Agricultural Research Council,NP
Netherlands Earth System Science Centre,NL
Netherlands Space Office,NL
New Zealand Government,NZ
Newton Fund,GB
Niedersächsische Ministerium für Wissenschaft und Kultur,DE
Niedersächsisches Ministerium für Wissenschaft und Kultur,
Nihon University,
Ningbo Municipal Bureau of Science and Technology,CN
NordForsk,EU
Norges Forskningsråd,NO
Norsk Institutt for Vannforskning,NO
Norsk Polarinstitutt,NO
Norsk Romsenter,NO
Norsk Sykepleierforbund,NO
North Pacific Marine Science Organization,
North-Eastern Hill University,
Northeast Petroleum University,CN
Northumbria University,GB
Northwest Fisheries Science Center,
Northwest University,
Northwestern University,
Norwegian Biodiversity Information Centre,NO
Norwegian Institute of Public Health,NO
Nova Scotia Research Innovation Trust,
Novartis Pharma,CH
Novavax,
Novo Nordisk,DK
NuCana,
Nuclear Fuel Cycle and Supply Chain,US
Nuclear Safety and Security Commission,KR
"Nutrition Obesity Research Center, University of North Carolina",
Ny Carlsbergfondet,DK
Oak Ridge Associated Universities,
Oak Ridge Institute for Science and Education,
Oak Ridge National Laboratory,US
Ocean Foundation,
Ocean University of China,CN
Office Français de la Biodiversité,FR
Office of International Science and Engineering,
Office of Naval Research,US
Office of Polar Programs,US
"Office of Research Infrastructure Programs, National Institutes of Health",US
Office of Research and Development,
"Office of Research, Innovation and Commercialization, University of Agriculture Faisalabad",PK
Office of Science,US
"Office of Vice Chancellor for Research and Technology, University of Isfahan",IR
Office of the Higher Education Commission,
Office of the Secretary of Defense,
Oil and Natural Gas Corporation,
Okinawa Institute of Science and Technology Graduate University,
Oklahoma Agricultural Experiment Station,
Oklahoma State University,
Omeros Corporation,
Ono Medical Research Foundation,
Ontario Innovation Trust,
Open Topic of Hunan Key Laboratory of Land Resources Evaluation and Utilization,CN
Open University,GB
"Oregon Sea Grant, Oregon State University",
Orthopterists' Society,
Overseas Expertise Introduction Center for Discipline Innovation of Food Nutrition and Human Health (111 Center),
Overseas Expertise Introduction Project for Discipline Innovation,
Pacific Northwest National Laboratory,
Pakistan Meteorological Department,PK
Pan American Health Organization,
Paradifference foundation,
Partnership for Advanced Computing in Europe AISBL,
Past Global Changes,
Pasteur Institute of Iran,IR
Peking Union Medical College Hospital,
Peking University,CN
Peking University Health Science Center,CN
PetroChina Company Limited,CN
Petrobras,
Petroleum Technology Development Fund,
Pfizer,US
Philip Morris International,
"Philippine Council for Agriculture, Aquatic and Natural Resources Research and Development",PH
"Philippine Council for Industry, Energy, and Emerging Technology Research and Development",PH
Philippine-California Advanced Research Institutes,PH
Philipps-Universität Marburg,DE
Philosophy and Social Science Foundation of Hunan Province,
Physical Research Laboratory,
Pioneer Fund,US
Planbureau voor de Leefomgeving,
Polit National Laboratory for Marine Science and Technology,
Precursory Research for Embryonic Science and Technology,
Prince of Songkla University,TH
Princeton University,
Priority Academic Program Development of Jiangsu Higher Education Institutions,CN
Program for New Century Excellent Talents in University,CN
Program for Professor of Special Appointment (Eastern Scholar) at Shanghai Institutions of Higher Learning,CN
Program of Shanghai Subject Chief Scientist,
Project 211,
Projektträger Jülich,
Public Health Agency,
Public Health England,GB
Purdue University,US
Pusan National University,
QIMR Berghofer Medical Research Institute,
Qingdao National Laboratory for Marine Science and Technology,CN
Qinghai Normal University,CN
Qinghai Provincial Department of Science and Technology,CN
Qinghai University,
Quaid-i-Azam University,PK
RUDN University,
RWTH Aachen University,DE
Radboud Universiteit,NL
"Red Sea Research Center, King Abdullah University of Science and Technology",
Regeneron Pharmaceuticals,
Regional Studies Association,
Reiner Lemoine Foundation,DE
"Research Grants Council, University Grants Committee",HK
"Research Institute for Information Technology, Kyushu University",JP
Research Institute of Science and Technology for Society,
Research to Prevent Blindness,
Rheinische Friedrich-Wilhelms-Universität Bonn,
Richard Lounsbery Foundation,US
Rijksinstituut voor Volksgezondheid en Milieu,
Rijksuniversiteit Groningen,NL
Rikkyo University,
Riksbankens Jubileumsfond,SE
Robert Bosch Stiftung,DE
Robert Koch Institut,
Roche,CH
Rockefeller Foundation,US
Rollins College,
Rosa Luxemburg Stiftung,
Royal College of Surgeons in Ireland,IE
Royal Government of Bhutan,
"Royal Holloway, University of London",GB
Royal Society,GB
Royal Society Te Apārangi,GB
Royal Swedish Academy of Sciences,SE
Rufford Foundation,
Russian Academy of Sciences,RU
Russian Foundation for Basic Research,RU
Russian Science Foundation,RU
Rust Family Foundation,
Région Bretagne,
SINOPEC Petroleum Exploration and Production Research Institute,CN
SLAC National Accelerator Laboratory,
Saint Petersburg State University,
Samsung,
Sanofi,FR
Santen,
Sarawak Multimedia Authority,
Save Our Seas Foundation,
Scheme for Promotion of Academic and Research Collaboration,
Schmidt Ocean Institute,US
"School of Life Sciences and Biotechnology Division of Life Sciences, Korea University",KR
School of Medicine,
"School of Medicine, Vanderbilt University",
Schweizerischer Nationalfonds zur Förderung der Wissenschaftlichen Forschung,CH
"Science Education Institute, Department of Science and Technology, Republic of the Philippines",PH
Science Foundation Ireland,IE
"Science Foundation of China University of Petroleum, Beijing",CN
Science Mission Directorate,
Science and Engineering Research Board,IN
Science and Industry Endowment Fund,AU
Science and Technology Commission of Shanghai Municipality,CN
Science and Technology Department of Henan Province,
Science and Technology Department of Zhejiang Province,CN
Science and Technology Directorate,
Science and Technology Facilities Council,GB
Science and Technology Major Project of Guangxi,
Science and Technology Program of Guizhou Province,CN
Science and Technology Program of Zhejiang Province,
Science and Technology Support Plan for Youth Innovation of Colleges and Universities of Shandong Province of China,CN
Scientific Research and Technology Development Program of Guangxi,CN
Scioto Foundation,US
Scottish Funding Council,GB
Scottish Government,GB
"Second Institute of Oceanography, State Oceanic Administration",
Senckenberg Biodiversität und Klima Forschungszentrum,
Seoul National University,
"Services Fédéraux des Affaires Scientifiques, Techniques et Culturelles",
Seventh Framework Programme,EU
Shaanxi Provincial Department of Water Resources,CN
Shanghai Education Development Foundation,CN
Shanghai International Science and Technology,
Shanghai Jiao Tong University,CN
Shanghai Leading Academic Discipline Project,
Shanghai Meteorological Service,
Shanghai Municipal Education Commission,CN
Shanghai Municipal Health and Family Planning Commission,
Shanghai Municipal People's Government,
Shanghai Ocean University,CN
Shanghai Shenkang Hospital Development Center,CN
Shanghai University of Sport,
Shell,
Shell Global Solutions International,
Shenhua Group,
Shenzhen University,
Sher-e-Bangla Agricultural University,BD
Shionogi,
"Siberian Branch, Russian Academy of Sciences",RU
Siberian Federal University,
Sichuan Province Science and Technology Support Program,
Sichuan University,CN
Siemens Healthineers,
Sight Research UK,GB
Silicon Valley Community Foundation,
Silpakorn University,
Simon Fraser University,
Simons Foundation,US
Sixth Framework Programme,EU
Smithsonian Institution,US
Social Science Foundation of Shaanxi Province,CN
Social Science Research Council,
Social Sciences and Humanities Research Council,CA
Social Sciences and Humanities Research Council of Canada,CA
Sociedad Española de Oncología Médica,ES
Society for Sedimentary Geology,
Soochow University,
Sorbonne Université,FR
South African Institute for Aquatic Biodiversity,ZA
South African Medical Research Council,GB
South Australian Research and Development Institute,AU
South China Agricultural University,CN
"South China Sea Institute of Oceanology, Chinese Academy of Sciences",CN
South London and Maudsley NHS Foundation Trust,
South University of Science and Technology of China,CN
Southern Connecticut State University,
Southern Marine Science and Engineering Guangdong Laboratory (Guangzhou),
Southern University of Science and Technology,
Southern African Science Service Centre for Climate Change and Adaptive Land Management,
Southwest Fisheries Science Center,
Southwest Jiaotong University,CN
Southwest Petroleum University,
Southwest University,
Special funds of Guangdong Province for Promoting Economic Development,CN
Specialized Research Fund for the Doctoral Program of Higher Education of China,CN
Sponsored Research and Industrial Consultancy,
St. Francis Xavier University,
St. Thomas University,US
Stanford Center on Philanthropy and Civil Society,US
"Stanley Center for Psychiatric Research, Broad Institute",
Startup Project for High-level Talents of Guizhou Institute of Technology,
"State Administration for Science, Technology and Industry for National Defense",CN
State Administration of Foreign Experts Affairs,
State Administration of Traditional Chinese Medicine of the People's Republic of China,TW
State Environmental Protection Key Laboratory of Sources and Control of Air Pollution Complex,CN
State Health Research Advisory Council,
"State Key Laboratory for Nuclear Resources and Environment, East China Institute of Technology",CN
State Key Laboratory of Biogeology and Environmental Geology,
State Key Laboratory of Estuarine and Coastal Research,CN
State Key Laboratory of Geodesy and Earth's Dynamics,CN
State Key Laboratory of Geological Processes and Mineral Resources,
State Key Laboratory of Loess and Quaternary Geology,
State Key Laboratory of Marine Environmental Science,CN
State Key Laboratory of Marine Geology,CN
State Key Laboratory of Satellite Ocean Environment Dynamics,CN
State Key Laboratory of Severe Weather,
"State Key Laboratory of Tropical Oceanography, South China Sea Institute of Oceanology, Chinese Academy of Sciences",CN
State Oceanic Administration,CN
Stavros Niarchos Foundation,GR
Stazione Zoologica Anton Dohrn,
Stiftelsen Olle Engkvist Byggmästare,SE
Stifterverband,
Stiftung Begabtenförderung Cusanuswerk,DE
Stiftung Mercator,DE
Stiftung fiat panis,DE
Stockholms Universitet,SE
Strategic Innovation Fund,
Strategic Research Council,FI
Strong,
Studienstiftung des Deutschen Volkes,DE
Styrelsen för Internationellt Utvecklingssamarbete,
Sultan Qaboos University,
Sun Pharma,
Sun Yat-sen University,CN
Sungkyunkwan University,
Surfrider Foundation,
Svenska Forskningsrådet Formas,SE
Swinburne University of Technology,
Syddansk Universitet,DK
Sylff Association,
Systematics Association,
TRIUMF,
Taishan Scholar Project of Shandong Province,CN
Tear Film and Ocular Surface Society,
Technische Universiteit Delft,NL
Technische Universität Berlin,
Technische Universität Braunschweig,DE
Technische Universität Clausthal,DE
Technische Universität Dresden,
Technische Universität Hamburg,
Technische Universität Ilmenau,
Technische Universität München,DE
Tel Aviv University,
Temasek Foundation,SG
Tencent,CN
Texas A and M University,
Thai Health Promotion Foundation,TH
Thailand Research Fund,TH
Thailand Science Research and Innovation,TH
Thünen-Institut,
Tianjin University,CN
Tokyo Medical and Dental University,
Tokyo University of Agriculture,
Tongji University,CN
Toray Science Foundation,
Torii Pharmaceutical,JP
Torsten Söderbergs Stiftelse,SE
Total,FR
Total Foundation,
Transport Canada,CA
Tree Research and Education Endowment Fund,US
Trent University,CA
Trond Mohn stiftelse,
Trung tâm nhiệt đới Việt - Nga,
Tsinghua University,CN
Tufts University,
Türkiye Bilimsel ve Teknolojik Araştırma Kurumu,TR
U.S. Department of Agriculture,US
U.S. Department of Defense,US
U.S. Department of Energy,US
U.S. Department of Health and Human Services,US
U.S. Department of Homeland Security,US
U.S. Department of State,US
U.S. Department of Transportation,US
U.S. Environmental Protection Agency,US
U.S. Fish and Wildlife Service,US
U.S. Forest Service,US
U.S. Geological Survey,US
U.S. National Library of Medicine,US
U.S. Navy,US
"U.S. Science Support Program, Lamont-Doherty Earth Observatory",US
UCB Pharma,
UK Research and Innovation,GB
UNICEF,
USC Norris Comprehensive Cancer Center,
Uehara Memorial Foundation,JP
Umeå Universitet,
United Arab Emirates University,
United Kingdom Clinical Research Collaboration,GB
United Nations Development Programme,
United Nations Population Fund,
United States Agency for International Development,US
United States Science Support Program,US
United States-Indonesia Society,ID
Universidad Nacional de Colombia,CO
Universidad Nacional de Córdoba,AR
Universidad Peruana Cayetano Heredia,
Universidad de Chile,CL
Universidad de Concepción,
Universidad de Costa Rica,
Universidad de La Laguna,
Universidad de Salamanca,
Universidade Estadual Paulista,
Universidade Federal Fluminense,
Universidade Federal de Juiz de Fora,
Universidade Federal de Pelotas,
Universidade Federal de Santa Catarina,
Universidade de São Paulo,
Universidade do Porto,
Universitair Medisch Centrum Groningen,NL
Universitaire Stichting,
Universitas Hasanuddin,
Universitas Indonesia,ID
Universitas Sam Ratulangi,
Universitas Syiah Kuala,
Universitas Udayana,
Universitat Autònoma de Barcelona,
Universitat Politècnica de València,
Universitat de Barcelona,
"Universitatea de Medicină şi Farmacie ""Carol Davila"" Bucureşti",
Universiteit Antwerpen,BE
Universiteit Gent,BE
Universiteit Leiden,NL
Universiteit Maastricht,NL
Universiteit Stellenbosch,ZA
Universiteit Utrecht,NL
Universiteit van Amsterdam,NL
Universitetet i Bergen,
Universitetet i Oslo,
Universiti Brunei Darussalam,
Universiti Kebangsaan Malaysia,MY
Universiti Malaya,MY
Universiti Malaysia Pahang,MY
Universiti Malaysia Sarawak,MY
Universiti Malaysia Terengganu,MY
Universiti Putra Malaysia,MY
Universiti Sains Malaysia,MY
Universiti Sultan Zainal Abidin,
Universiti Teknologi MARA,MY
Universiti Teknologi Malaysia,MY
Universiti Tun Hussein Onn Malaysia,MY
University College Dublin,
University College London,
University Corporation for Atmospheric Research,US
University Grants Commission,
University Grants Commission - Sri Lanka,LK
University Grants Commission- Nepal,NP
University of Alabama at Birmingham,US
University of Alberta,
University of Arizona,
University of Auckland,
University of Bern,CH
University of Birmingham,
University of British Columbia,GB
University of Calcutta,IN
University of California Berkeley,
"University of California, Davis",
"University of California, Irvine",
"University of California, Los Angeles",
"University of California, San Diego",
"University of California, San Francisco",
"University of California, Santa Barbara",
University of Cambridge,
University of Canterbury,
University of Cape Town,ZA
University of Chicago,
University of Chinese Academy of Sciences,CN
University of Colorado Boulder,
University of Connecticut,
University of Delaware,
University of Delhi,
University of Dhaka,
University of East Anglia,GB
University of Edinburgh,
University of Essex,
University of Exeter,
University of Florida,
University of Glasgow,
University of Gondar,
University of Hawai'i,
University of Hong Kong,HK
University of Hyderabad,
University of Illinois at Chicago,US
University of Illinois at Urbana-Champaign,
University of Johannesburg,ZA
University of Kansas,
University of Kentucky,US
University of Leeds,GB
University of Leicester,
University of Manchester,
University of Massachusetts Amherst,
University of Mauritius,
University of Melbourne,
University of Michigan,US
University of Minnesota,
University of Minnesota Duluth,US
University of Missouri,
University of Montana,
University of Montevallo,US
University of Moratuwa,LK
University of Nebraska-Lincoln,
University of New South Wales,GB
University of North Carolina at Chapel Hill,
University of Nottingham,
University of Otago,
University of Oxford,
University of Pennsylvania,US
University of Pittsburgh,
University of Queensland,
University of Science and Technology of China,CN
"University of Science, Vietnam National University, Hanoi",VN
University of Sheffield,
University of South Africa,ZA
University of South Alabama,US
University of Southampton,GB
University of Southern California,
University of Southern Queensland,
University of St Andrews,
University of Sussex,
University of Sydney,
University of Tasmania,
University of Texas Southwestern Medical Center,
University of Texas at Austin,US
University of Tokushima,
University of Tokyo,JP
University of Toronto,
University of Tsukuba,
University of Ulsan,
University of Veterinary and Animal Sciences,
University of Victoria,
University of Washington,US
University of Western Australia,AU
University of Wollongong,AU
University of Wyoming,
University of York,GB
University of the Chinese Academy of Sciences,CN
University of the Philippines,PH
University of the Ryukyus,
Università degli Studi di Milano,
Università degli Studi di Padova,
Università degli Studi di Siena,
Università degli Studi di Torino,
Universität Basel,CH
Universität Bielefeld,DE
Universität Bremen,DE
Universität Erfurt,
Universität Greifswald,DE
Universität Hamburg,DE
Universität Heidelberg,DE
Universität Innsbruck,AT
Universität Konstanz,DE
Universität Leipzig,DE
Universität Mannheim,
Universität Potsdam,DE
Universität Rostock,DE
Universität Ulm,
Universität Wien,AT
Universität für Bodenkultur Wien,
Universität zu Köln,DE
Universität zu Lübeck,DE
Universitätsklinikum Hamburg-Eppendorf,
Universitätsklinikum Köln,
Université Joseph Fourier,
Université Libanaise,
Université Libre de Bruxelles,
Université Pierre et Marie Curie,FR
Université de Bretagne Occidentale,
Université de Genève,
Université de La Réunion,
Université de Lausanne,
Université de Liège,BE
Université de Poitiers,
Université de Strasbourg,
Université de Toulouse,
Univerzita Karlova v Praze,
Uniwersytet Śląski w Katowicach,
Uppsala Multidisciplinary Center for Advanced Computational Science,
Uppsala Universitet,SE
Uttarakhand State Council for Science and Technology,
Vanderbilt University,
Vanderbilt University Medical Center,
Vanderbilt-Ingram Cancer Center,
Vattenfall,
Velux Stiftung,
Verband der Chemischen Industrie,DE
Versus Arthritis,
Vetenskapsrådet,SE
Victoria University,
Victoria University of Wellington,
Vienna Science and Technology Fund,
Viet Nam National University Ho Chi Minh City,
Vietnam Academy of Science and Technology,VN
Vietnam Military Medical University,VN
Villum Fonden,DK
Vlaams Instituut voor de Zee,BE
Vlaams Supercomputer Centrum,BE
Vlaamse Interuniversitaire Raad,BE
Vlaamse regering,BE
Volkswagen Foundation,DE
Vrije Universiteit Amsterdam,NL
WWF-Thailand,TH
Wageningen University and Research,
Waseda University,JP
Washington Department of Fish and Wildlife,
Washington University in St. Louis,US
Weifang Medical University,
Wellcome,GB
Wellcome Trust,GB
Wenner-Gren Foundation,US
"West China Hospital, Sichuan University",
Western Indian Ocean Marine Science Association,
Western Kentucky University,
Westfälische Wilhelms-Universität Münster,
Wildlife Conservation Society,
Willi Hennig Society,
William and Flora Hewlett Foundation,US
Wintershall Dea,
Wisconsin Department of Workforce Development,
Wolfson Foundation,GB
Woods Hole Oceanographic Institution,US
World Agroforestry Centre,
World Bank Group,
World Forest Institute,US
World Health Organization,
World Heart Federation,
World Meteorological Organization,
"Wroclawskie Centrum Sieciowo-Superkomputerowe, Politechnika Wroclawska",
Wuhan University,CN
Xi'an University of Technology,CN
Xiamen Municipal Bureau of Science and Technology,
Xiamen University,CN
Xinjiang University,
Xunta de Galicia,
Yale University,
Yancheng Institute of Technology,CN
Yangtze University,
Yonsei University,
Youth Innovation Promotion Association,CN
Youth Innovation Promotion Association of the Chinese Academy of Sciences,CN
Zhejiang University,CN
Zhejiang University of Technology,CN
Zhengzhou University,
ZonMw,
iMinds,
École Normale Supérieure,
École des Hautes Etudes en Sciences Sociales,
Österreichische Forschungsförderungsgesellschaft,AT
Österreichischen Akademie der Wissenschaften,AT
Česká geologická služba,CZ
Đại học Huế,
Đại học Quốc gia Hà Nội,
Śląski Uniwersytet Medyczny w Katowicach,
